"spiel_id","spiel_title","bgg_id","note"
"874","#LAZYLUZA Gamingtable","","Fill verified BGG ID"
"956","10 von 10","","Fill verified BGG ID"
"1301","1000KM - Pocket Mario Kart","","Fill verified BGG ID"
"355","15th Stamp","456370","456370"
"1100","20 Strong: Tanglewoods","432950",""
"474","3 + 4 = Bugs & More","","Fill verified BGG ID"
"977","30 Seconds® 2go | Christmas Version","","Fill verified BGG ID"
"920","30 Seconds® 2go | Holiday Version","","Fill verified BGG ID"
"908","30 Seconds® 2go | Klassiche Version","","Fill verified BGG ID"
"612","365 Abenteuer: Cthulhu 1927 [2027]]","","Fill verified BGG ID"
"615","365 Abenteuer: Der Dungeon [2027]","","Fill verified BGG ID"
"166","A Dream of Splendor in Song Dynasty","","Fill verified BGG ID"
"314","A Message From the Stars","","Fill verified BGG ID"
"53","A war of Whispers Erweiterter Einfluss - Erweiterung","","Fill verified BGG ID"
"1064","ANALPHABET BLÖDMANN CURRYWURST Tabubruch","","Fill verified BGG ID"
"459","ANTgravity: Anomalies","","Fill verified BGG ID"
"564","ANTgravity: Energy","","Fill verified BGG ID"
"566","ANTgravity: Fire","","Fill verified BGG ID"
"463","ANTgravity: Ice","","Fill verified BGG ID"
"433","ANTgravity: Kung Fu","","Fill verified BGG ID"
"1481","ATW Womens Edition","","Fill verified BGG ID"
"1489","ATW: A New Dawn","","Fill verified BGG ID"
"1483","ATW: Gail Kim","","Fill verified BGG ID"
"1491","ATW: The Hurt Edition","","Fill verified BGG ID"
"1044","A_way","","Fill verified BGG ID"
"970","Adventure Games - Mission Mars","","Fill verified BGG ID"
"1343","Adventure in a Box: Drachenelfen - Himmel in Flammen","","Fill verified BGG ID"
"20","Aegeapolis","","Fill verified BGG ID"
"1046","Aetherspire","","Fill verified BGG ID"
"1014","Agricola Special Edition","","Fill verified BGG ID"
"1445","Al-Kahuf","","Fill verified BGG ID"
"262","Alles Gute!","","Fill verified BGG ID"
"8","Almighty: Maniacs & Monsters","","Fill verified BGG ID"
"955","Alter Falter!","","Fill verified BGG ID"
"1086","Andromeda’s Edge: Genesis","","Fill verified BGG ID"
"1325","Animalia","","Fill verified BGG ID"
"1195","Aqua Garden 2nd Edition","","Fill verified BGG ID"
"1347","Aquapark","","Fill verified BGG ID"
"1180","Aquarium Festival","","Fill verified BGG ID"
"491","Arnie & Barney King of the Dice","","Fill verified BGG ID"
"1405","Artsy Hype","","Fill verified BGG ID"
"680","Ascendia - Seasons of Thargos","","Fill verified BGG ID"
"746","Ascendia Seasons of Thargos - The Secrets Below","","Fill verified BGG ID"
"1494","Ashes Special 13 (ENG) - Bologna Play 2026","","Fill verified BGG ID"
"1362","Assemble","","Fill verified BGG ID"
"862","Auf Wilden Wegen (Neue Version mit Solomodus)","","Fill verified BGG ID"
"857","Auf Wilden Wegen: Heiterkeit","","Fill verified BGG ID"
"832","Auf Wilden Wegen: Schleichwege","","Fill verified BGG ID"
"1383","Auf die Elche, fertig, los","","Fill verified BGG ID"
"1283","Avalon: The Riven Veil - Myths & Monsters Expansion","","Fill verified BGG ID"
"1448","Aventuria - Beschwörer der Elemente","","Fill verified BGG ID"
"1440","Aventuria - Fluch der Wüste","","Fill verified BGG ID"
"1427","Aventuria - Kelche der Macht","","Fill verified BGG ID"
"1396","Aventuria - Meisterin des Schabernacks","","Fill verified BGG ID"
"1380","Aventuria - Teamherausforderung Insel der Mumienfürsten","","Fill verified BGG ID"
"1387","Aventuria - Teamherausforderung Tsulu","","Fill verified BGG ID"
"1417","Aventuria - Tochter des Mantikors","","Fill verified BGG ID"
"105","Ayar","","Fill verified BGG ID"
"102","Azimath – Learn Maths Through Play","","Fill verified BGG ID"
"174","Azimut XL – Outdoor Orienteering Game","","Fill verified BGG ID"
"231","BANGER - Das MUSIK PARTYSPIEL","","Fill verified BGG ID"
"1104","BEST DAY EVER","","Fill verified BGG ID"
"449","BLACK TALES - ADVENTURES IN THE MEDITERRANEAN AND CONVERSION KIT","","Fill verified BGG ID"
"1442","BLOOPS","","Fill verified BGG ID"
"472","Back of the Goal","","Fill verified BGG ID"
"130","Back to Back","","Fill verified BGG ID"
"1303","Backstab Heroes - Zeit der Drachen","","Fill verified BGG ID"
"478","Badass Bunnies","","Fill verified BGG ID"
"161","Bailen 1808 Napoleon´s First Defeat","","Fill verified BGG ID"
"1350","Bandido Alcatraz","","Fill verified BGG ID"
"87","Bean to Bar – Die Welt feinster Schokolade","","Fill verified BGG ID"
"1456","Bear Sting","","Fill verified BGG ID"
"184","Beasts and Diplomacy","","Fill verified BGG ID"
"328","Beasts and Diplomacy: Almanac solo expansion","","Fill verified BGG ID"
"1358","Beat That!","","Fill verified BGG ID"
"445","Beschissene Freunde 2","","Fill verified BGG ID"
"1335","Bet The Music","","Fill verified BGG ID"
"1275","Bibi & Tina -Abenteuerspiel- Das große Weihnachtswettreiten","","Fill verified BGG ID"
"1268","Bibi & Tina -Abenteuerspiel- Kälbchen Käthe ist verschwunden","","Fill verified BGG ID"
"518","Bibi & Tina Bastelspaß","","Fill verified BGG ID"
"408","BigWig - Trick the Gods!","","Fill verified BGG ID"
"810","BioLogic","","Fill verified BGG ID"
"234","Biome 5-6 Player Expansion","","Fill verified BGG ID"
"304","Bizarre Manor","","Fill verified BGG ID"
"804","Black Cat Files: Fall 01 - UFOs über Eastview","","Fill verified BGG ID"
"1166","Black Cat Files: Minifall - Spuk im Grand Hotel Arcadia","","Fill verified BGG ID"
"412","Black Jacky","","Fill verified BGG ID"
"439","Bluffit","","Fill verified BGG ID"
"869","Board Game Box Bands","","Fill verified BGG ID"
"203","Boaromia","","Fill verified BGG ID"
"35","Boktor - Core Game","","Fill verified BGG ID"
"275","Boktor - Shadows of the Forest","","Fill verified BGG ID"
"1055","Booster Kingdomino : The Lost Treasures","","Fill verified BGG ID"
"152","Borealis","","Fill verified BGG ID"
"611","Boss Fighters QR: Jungle Fever","","Fill verified BGG ID"
"760","Bounce It!","","Fill verified BGG ID"
"934","Bounce it!","","Fill verified BGG ID"
"1189","Brabbelkraben","","Fill verified BGG ID"
"325","Bratwurstspiel ""Es geht um die Wurst"" - Family Edition","","Fill verified BGG ID"
"404","Bratwurstspiel ""Es geht um die Wurst"" - Party Edition","","Fill verified BGG ID"
"1295","Brettspieltisch ALTAR Premium Edge","","Fill verified BGG ID"
"1279","Brettspieltisch MAXIM Premium","","Fill verified BGG ID"
"393","Bring your own Book – Booklove Edition. Das Spiel in dem dein Buch die Hauptrolle spielt!","","Fill verified BGG ID"
"892","Buddha bei die Fische","","Fill verified BGG ID"
"919","Bullshit Bingo Bahn","","Fill verified BGG ID"
"925","Bullshit Bingo Büro","","Fill verified BGG ID"
"887","Bullshit Bingo Familienfeier","","Fill verified BGG ID"
"950","Bullshit Bingo Urlaub","","Fill verified BGG ID"
"339","Burgle Bros 3","","Fill verified BGG ID"
"556","Buttons & Bugs: Pubcrawlers","","Fill verified BGG ID"
"891","Buzz'Inn","","Fill verified BGG ID"
"696","CARU-UTA: English Edition","","Fill verified BGG ID"
"947","CATAN - The Card Game","","Fill verified BGG ID"
"740","CHOPSTICK TIGHTROPE","","Fill verified BGG ID"
"710","CODEWORDS - Das verschlüsselte Partyspiel","","Fill verified BGG ID"
"1406","Captain Flip - La Isla Bomba","","Fill verified BGG ID"
"1239","Carcassonne - 25 year anniversary edition","","Fill verified BGG ID"
"1435","Carnuta","","Fill verified BGG ID"
"1375","Cascadia Alpine Lakes: Pristine Peaks","","Fill verified BGG ID"
"889","Cascadia mountain lakes","","Fill verified BGG ID"
"965","Catan - The Dice Game","","Fill verified BGG ID"
"1116","Cational Meographic","","Fill verified BGG ID"
"1480","Chang'an","","Fill verified BGG ID"
"833","Chang’an","","Fill verified BGG ID"
"309","Chartbreak – Das Musikquiz, bei dem du die Fragen stellst","","Fill verified BGG ID"
"1419","Cheating Sushi","","Fill verified BGG ID"
"769","Check","","Fill verified BGG ID"
"633","Cherry on Top","","Fill verified BGG ID"
"244","Chess Peace","","Fill verified BGG ID"
"600","Clash of Clans","","Fill verified BGG ID"
"76","Claychat","","Fill verified BGG ID"
"558","Clippity Clop","","Fill verified BGG ID"
"636","Clips","","Fill verified BGG ID"
"1172","CluePuzzle - the Wonderbox of Alice","","Fill verified BGG ID"
"1167","Cluebox Houdini's Magic Escape","","Fill verified BGG ID"
"221","Cockpit Check","","Fill verified BGG ID"
"828","Codenames XXL","","Fill verified BGG ID"
"861","Codenames: Critical Role Adventures - Vox Machina Erweiterungspack","","Fill verified BGG ID"
"1353","Codenames: Cute Critters Expansion Pack","","Fill verified BGG ID"
"217","Coffee Rush: Winter","","Fill verified BGG ID"
"324","Color Words","","Fill verified BGG ID"
"172","Coloroo","","Fill verified BGG ID"
"1352","Concordia: Mare Nostrum","","Fill verified BGG ID"
"473","Confusing Lands","","Fill verified BGG ID"
"568","Confusing Lands: Neue Karten #1","","Fill verified BGG ID"
"651","CookieRun: Braverse TCG BS12 [Festival Arena]","","Fill verified BGG ID"
"647","CookieRun: Braverse TCG Booster Set5 [The Dark Enchantress War]","","Fill verified BGG ID"
"432","CookieRun: Braverse TCG Legendary Cookie Starter Deck Assortment (5)","","Fill verified BGG ID"
"921","Coup 1: Sternenhimmel","","Fill verified BGG ID"
"40","Courtisans: Diplomats & Confidents","","Fill verified BGG ID"
"699","Courtroom 1936: The Noir Trilogy","","Fill verified BGG ID"
"689","Crazy Observation range","","Fill verified BGG ID"
"78","Crazy Sherlock (Irrlichter)","","Fill verified BGG ID"
"394","Crime Files – Fallakte: Sherlocks Zeitungsarchiv. Der geniale Krimi-Adventskalender","","Fill verified BGG ID"
"632","Cross Words","","Fill verified BGG ID"
"1224","Cthulhu Crusades","","Fill verified BGG ID"
"578","Cthulhu: Der Mythos weltweit – Nepal und Japan","","Fill verified BGG ID"
"571","Cthulhu: Unter die Haut","","Fill verified BGG ID"
"569","Cthulhu: Vom Staub verborgen","","Fill verified BGG ID"
"443","D.I.G.G.A.: Zeichne mir","","Fill verified BGG ID"
"488","DIE FUSSBALLBANDE –  Stadt Land Fluss®","","Fill verified BGG ID"
"664","DIE INSEL DER UNSICHTBAREN TIERE","","Fill verified BGG ID"
"666","DODELIDO DELUXE","","Fill verified BGG ID"
"886","Daemonia","","Fill verified BGG ID"
"619","Daggerheart Basis-Set","","Fill verified BGG ID"
"1202","Daggerheart: Hope & Fear","","Fill verified BGG ID"
"37","Das ""Gelingt immer""-Puzzle ""Gemüse""","","Fill verified BGG ID"
"38","Das ""Gelingt immer""-Puzzle ""Obst""","","Fill verified BGG ID"
"395","Das 1% Quiz – Wie clever bist du? Das offizielle Quizspiel mit Fragen aus der Show","","Fill verified BGG ID"
"317","Das Cliquenquiz","","Fill verified BGG ID"
"1281","Das Violette Schwert","","Fill verified BGG ID"
"1217","Dashin' Dinos","","Fill verified BGG ID"
"33","Date Night","","Fill verified BGG ID"
"45","Davor oder danach?","","Fill verified BGG ID"
"215","Deadpool Dice Throne","","Fill verified BGG ID"
"808","Deae Via","","Fill verified BGG ID"
"1462","Deckscape – Die magische Akademie","","Fill verified BGG ID"
"447","Deep Regrets: Even Deeper Regrets","","Fill verified BGG ID"
"381","Deep Sea Diamond Dive","","Fill verified BGG ID"
"1084","Der Herr der Ringe: Die Entscheidung","","Fill verified BGG ID"
"1421","Der Herr der Ringe: Die zwei Türme – Das Stichspiel","","Fill verified BGG ID"
"1095","Der Whitehall-Mord","","Fill verified BGG ID"
"593","Diamant: Warnung und Verrat","","Fill verified BGG ID"
"92","Dice Throne Outcasts: Bleiche Dame vs. Kopfloser Reiter","","Fill verified BGG ID"
"239","Dice Throne Outcasts: Rabenfürstin vs. Totenbeschwörer","","Fill verified BGG ID"
"1342","Die Ameisen von Amyra","","Fill verified BGG ID"
"653","Die Hängenden Gärten","","Fill verified BGG ID"
"1346","Die Magische Bibliothek","","Fill verified BGG ID"
"1366","Die Ratten von Wistar: Clans & Portale","","Fill verified BGG ID"
"968","Die Zaubermühle","","Fill verified BGG ID"
"383","Die Zwerge – Königswahl. Das offizielle Kartenspiel zur Fantasy-Saga von Markus Heitz","","Fill verified BGG ID"
"312","Dinner Party - A Lot To Unpack","","Fill verified BGG ID"
"1194","Dino Garden","","Fill verified BGG ID"
"1207","Dino Garden Brute Hunters Expansion 01","","Fill verified BGG ID"
"1198","Dino Garden Gentle Titans Expansion 02","","Fill verified BGG ID"
"54","Dino Parade","","Fill verified BGG ID"
"1028","Disaster Draft","","Fill verified BGG ID"
"1424","Dixit Kids","","Fill verified BGG ID"
"1395","Dobble Sports","","Fill verified BGG ID"
"365","Dobro – Doppelt hält besser!","","Fill verified BGG ID"
"1334","Dogfight: 1917","","Fill verified BGG ID"
"1345","Domeskai Tamers RPG and Card Game","","Fill verified BGG ID"
"1128","Donkey Derby","","Fill verified BGG ID"
"560","Double Nine","","Fill verified BGG ID"
"1135","Drachen von Runenstein","","Fill verified BGG ID"
"1175","Drachenpups & Tollkirschkern","","Fill verified BGG ID"
"952","Drachenpups & Tollkirschkern","","Fill verified BGG ID"
"1206","Draconis - Collectors Box","","Fill verified BGG ID"
"1381","Dragonbane Box","","Fill verified BGG ID"
"1431","Dragonbane Regelwerk","","Fill verified BGG ID"
"1398","Dragonbane Schnellstarter","","Fill verified BGG ID"
"1409","Dragonbane Spielleitungsschirm","","Fill verified BGG ID"
"320","Dragon’s Roll","","Fill verified BGG ID"
"1228","Drakkard","","Fill verified BGG ID"
"23","Dreamteam - 1. Erweiterung","","Fill verified BGG ID"
"533","Drillers: Upgraded Components","","Fill verified BGG ID"
"1047","Driving Me Crazy! Route 66 Edition","","Fill verified BGG ID"
"1439","Du kleiner Freak","","Fill verified BGG ID"
"928","EXIT® - The Game - Kids: Mystery Fun in the Ocean","","Fill verified BGG ID"
"911","EXIT® - The Game: The Perfect Heist","","Fill verified BGG ID"
"915","Easy Peasy","","Fill verified BGG ID"
"1472","Eat the Reich - deutsche Ausgabe","","Fill verified BGG ID"
"1413","Einfach Ehrenlos","","Fill verified BGG ID"
"1160","Elementary","","Fill verified BGG ID"
"301","Elemonsters explore","","Fill verified BGG ID"
"883","Emberleaf","","Fill verified BGG ID"
"1444","Endangered Rescue #4: Chambered Nautilus","","Fill verified BGG ID"
"196","Epic Melee","","Fill verified BGG ID"
"1364","Estate: Raise the Realm","","Fill verified BGG ID"
"168","Everrealms of Eterna - Chapter 1: The Beginning","","Fill verified BGG ID"
"195","Everrealms of Eterna – Chapter 2: The Shadows of Lorrant","","Fill verified BGG ID"
"150","Express Zustellung","","Fill verified BGG ID"
"1348","Extra Roll","","Fill verified BGG ID"
"373","FORMIQ","","Fill verified BGG ID"
"331","FURRY PAWLITICS","","Fill verified BGG ID"
"211","FaeKin (German release)","","Fill verified BGG ID"
"916","Fall 6: Polarnacht","","Fill verified BGG ID"
"538","Fame & Fable: Legenden","","Fill verified BGG ID"
"620","FangFrage","","Fill verified BGG ID"
"428","Fantastique","","Fill verified BGG ID"
"979","Fantasy Ink","","Fill verified BGG ID"
"1090","Fast Out - Stadt, Land, Fluss war gestern!","","Fill verified BGG ID"
"1152","Fate: Godin & Valkyria","","Fill verified BGG ID"
"1041","Fate: Valkyria & Godin Erweiterung","","Fill verified BGG ID"
"362","Fearsome Floors (Reanimated Version)","","Fill verified BGG ID"
"727","Fensterforscher","","Fill verified BGG ID"
"744","Final Girl Series 4 Ultimate Box","","Fill verified BGG ID"
"712","Final Girl: The Raptor Games","","Fill verified BGG ID"
"858","Final Titan: Godspark Expansion","","Fill verified BGG ID"
"845","Final Titan: Mindbug Expansions","","Fill verified BGG ID"
"1205","Finde etwas!","","Fill verified BGG ID"
"1170","Fish 'em Up","","Fill verified BGG ID"
"340","Fishing 2","","Fill verified BGG ID"
"585","Flamme Rouge – Champions Edition","","Fill verified BGG ID"
"678","Flicso","","Fill verified BGG ID"
"904","Flip 7 - Vengeance","","Fill verified BGG ID"
"1316","Flush","","Fill verified BGG ID"
"144","Flying Spit","","Fill verified BGG ID"
"991","Flügelschlag: Mittel- und Südamerika","","Fill verified BGG ID"
"1333","Forage: Secret Glade","","Fill verified BGG ID"
"1231","Forestry: Growing Forward","","Fill verified BGG ID"
"1169","Form it Out!","","Fill verified BGG ID"
"638","Found You!","","Fill verified BGG ID"
"677","Fourth Wing (EN)","","Fill verified BGG ID"
"914","Fourth Wing - Realtalk","","Fill verified BGG ID"
"994","Fourth Wing - The Game: Choosing the Dragons","","Fill verified BGG ID"
"1479","Fox Grove","","Fill verified BGG ID"
"962","Freiluftwelten","","Fill verified BGG ID"
"388","Frische Fische - Erweiterung für ""Fish n Flips""","","Fill verified BGG ID"
"1443","Fritzi Vogelscheuche","","Fill verified BGG ID"
"628","Frog Splash","","Fill verified BGG ID"
"255","Fruit Cocktail (Irrlichter)","","Fill verified BGG ID"
"690","Fun Fact!","","Fill verified BGG ID"
"1112","GEFÜHLSWÜRFEL SPIEL26-Edition","","Fill verified BGG ID"
"1428","GOOD FORTUNE","","Fill verified BGG ID"
"660","GORILLA AUF EIS","","Fill verified BGG ID"
"1289","GOULA - 1 to 5 bus","","Fill verified BGG ID"
"1299","GOULA - Goldilocks and the 3 bears","","Fill verified BGG ID"
"39","GRINIVIL","","Fill verified BGG ID"
"310","GRIZZO - Fish your luck!","","Fill verified BGG ID"
"1284","Galactic Cruise: Meilensteine","","Fill verified BGG ID"
"1371","Galileo Galilei Luna","","Fill verified BGG ID"
"1024","Galileo's Truth","","Fill verified BGG ID"
"485","Garden Apple Go!","","Fill verified BGG ID"
"332","Gefangen im Varieté","","Fill verified BGG ID"
"959","Gefängnisausbruch: Unter Druck","","Fill verified BGG ID"
"905","Generals of Kaladan: Age of Crowns","","Fill verified BGG ID"
"1073","Ghost","","Fill verified BGG ID"
"1368","Gloomy Bear","","Fill verified BGG ID"
"1238","Goa","","Fill verified BGG ID"
"1416","Gods of Egypt","","Fill verified BGG ID"
"1074","Got Five","","Fill verified BGG ID"
"1318","Got What It Bakes?","","Fill verified BGG ID"
"1240","Got Your Goat","","Fill verified BGG ID"
"807","Grab the mic on tour","","Fill verified BGG ID"
"719","Granny Boo !","","Fill verified BGG ID"
"512","Greedy Goose","","Fill verified BGG ID"
"881","Green City","","Fill verified BGG ID"
"972","Guacamole","","Fill verified BGG ID"
"14","Guilds of Thokaia","","Fill verified BGG ID"
"1451","Gyges","","Fill verified BGG ID"
"773","HOLOMONSTERS - Das Kartenspiel","","Fill verified BGG ID"
"1322","HackClad","","Fill verified BGG ID"
"1045","Hacker Girl: Infinite Loop of Fate","","Fill verified BGG ID"
"1060","Haelo: Heros wana keep that Halo","","Fill verified BGG ID"
"984","Happy Double","","Fill verified BGG ID"
"926","Happy Holiday","","Fill verified BGG ID"
"1070","Harvest Business","","Fill verified BGG ID"
"831","Haunted Mouse Deluxe Edition","","Fill verified BGG ID"
"893","Haushoch!","","Fill verified BGG ID"
"1403","Heat - Flirrende Hitze","","Fill verified BGG ID"
"1384","Heroes of Barcadia","","Fill verified BGG ID"
"1094","Hexxpeed","","Fill verified BGG ID"
"470","HiLo® PLUS","","Fill verified BGG ID"
"475","HiLo® – Metallbox","","Fill verified BGG ID"
"980","High Five","","Fill verified BGG ID"
"918","High Five 18+","","Fill verified BGG ID"
"816","Hire or Fire","","Fill verified BGG ID"
"1305","Hitster - Flying Mic","","Fill verified BGG ID"
"1290","Hitster - W:O:A (Wacken Edition)","","Fill verified BGG ID"
"1253","Hizabr","","Fill verified BGG ID"
"748","Holy Moley","","Fill verified BGG ID"
"1312","Honeypot: Sticky Fingers","","Fill verified BGG ID"
"1078","Hop`n`Roll","","Fill verified BGG ID"
"143","Hopping","","Fill verified BGG ID"
"1429","Horrible Couple (Extra Horrible Edition)","","Fill verified BGG ID"
"248","Hungry Hungry Ghost","","Fill verified BGG ID"
"407","I see black for your English","","Fill verified BGG ID"
"683","IMPOSTOR - FAMILY-Edition","","Fill verified BGG ID"
"765","IMPOSTOR - Fussball-Edition","","Fill verified BGG ID"
"771","IMPOSTOR - Party-Edition","","Fill verified BGG ID"
"51","IQ Flow","","Fill verified BGG ID"
"96","IQ Puzzler Deluxe","","Fill verified BGG ID"
"252","IQ Quub","","Fill verified BGG ID"
"127","IQ Star Deluxe","","Fill verified BGG ID"
"1057","Ice Split","","Fill verified BGG ID"
"943","Ich seh’ ein Wort","","Fill verified BGG ID"
"420","Imperial Twing (2nd Edition)","","Fill verified BGG ID"
"948","Improquest","","Fill verified BGG ID"
"380","In voller Blüte – Wer legt die schönsten Beete an?","","Fill verified BGG ID"
"553","Inside House","","Fill verified BGG ID"
"1163","Into Madness (the title is tentative)","","Fill verified BGG ID"
"1326","Into the Machine: HyperDrive Series","","Fill verified BGG ID"
"1367","Into the Machine: Track Gadgets","","Fill verified BGG ID"
"180","Ion Core","","Fill verified BGG ID"
"667","Ipso","","Fill verified BGG ID"
"103","Isla Bomba","","Fill verified BGG ID"
"409","It's A Match! #yoga oder #kamasutra?","","Fill verified BGG ID"
"360","JOURNEY Horizon","","Fill verified BGG ID"
"702","Jiangnan","","Fill verified BGG ID"
"1328","Joraku: 10th Anniversary Edition","","Fill verified BGG ID"
"543","Jumanji - The ultimate Level","","Fill verified BGG ID"
"1307","Jumblejack","","Fill verified BGG ID"
"370","Jurassic Zoo – Dinos einzäunen & Punkte abräumen","","Fill verified BGG ID"
"1012","KAMPF GEGEN DAS SPIESSERTUM - Weltuntergangs-Erweiterung","","Fill verified BGG ID"
"656","KRIMI total - Der Mythos der Familie - personalisierte Edition","","Fill verified BGG ID"
"657","KRIMI total - Die Party der Intrigen - personalisierte Edition","","Fill verified BGG ID"
"662","KRIMI total - The Presidents Party - english edition","","Fill verified BGG ID"
"1259","Kaiju","","Fill verified BGG ID"
"1291","Kakerlakak Minecraft","","Fill verified BGG ID"
"1107","Kavango Animal Booster Pack","","Fill verified BGG ID"
"1117","Kavango Brilliant Birds","","Fill verified BGG ID"
"1062","Kavango Captivating Cats","","Fill verified BGG ID"
"1126","Kavango Shiny Animal Pack","","Fill verified BGG ID"
"803","Killer Questions","","Fill verified BGG ID"
"537","King of the Dice Redesign","","Fill verified BGG ID"
"1174","Kingdom Legacy: Exploration","","Fill verified BGG ID"
"1124","Kingdomino New Edition","","Fill verified BGG ID"
"1144","Kinky Intentions: Who are you when you’re free to play?","","Fill verified BGG ID"
"292","Kirlo","","Fill verified BGG ID"
"349","Kleine Morde unter Freunden: Sherlock Holmes. 10 mysteriöse Mini-Fälle zum Selberspielen","","Fill verified BGG ID"
"382","Kleine Morde unter Freunden: Sherlock Holmes. 10 mysteriöse Mini-Fälle zum Selberspielen","","Fill verified BGG ID"
"390","Klick Klack Klug Starterset ab 5 Jahren","","Fill verified BGG ID"
"414","Klick Klack Klug Starterset ab 7 Jahren","","Fill verified BGG ID"
"430","Kniffel® 8","","Fill verified BGG ID"
"941","Kniffel® – Das Duell","","Fill verified BGG ID"
"1054","Knights of the Pond Table","","Fill verified BGG ID"
"829","Kobayakawa","","Fill verified BGG ID"
"442","Koffer, Katze & Sombrero","","Fill verified BGG ID"
"917","Koi","","Fill verified BGG ID"
"1397","Krabbler-Chaos","","Fill verified BGG ID"
"396","Krakel-Orakel Erweiterung – Neue Orakelkarten, neue Krakelstifte","","Fill verified BGG ID"
"376","Krakel-Orakel Ü18-Erweiterung – Heiße Orakelkarten, neue Krakelstifte","","Fill verified BGG ID"
"425","Krakel-Spektakel – Dreh die Scheibe und krakle mit 6 brandneuen Challenges","","Fill verified BGG ID"
"329","Kurz Geraten – Ohne Vokale bis zum Finale!","","Fill verified BGG ID"
"1190","LASS ES RAUS! Tabubruch","","Fill verified BGG ID"
"1235","LETTER UP","","Fill verified BGG ID"
"1365","Lairs","","Fill verified BGG ID"
"62","Landmarks of the Lost Atlas","","Fill verified BGG ID"
"1072","Lands of Evershade","","Fill verified BGG ID"
"1493","Lava Run","","Fill verified BGG ID"
"167","Leaf it!","","Fill verified BGG ID"
"1460","Leafwork","","Fill verified BGG ID"
"784","Lemonade Stand","","Fill verified BGG ID"
"1432","Let's Match","","Fill verified BGG ID"
"1157","Let´s learn - Top to Bottom - IQ Bingo","","Fill verified BGG ID"
"902","Let’s Go Kavango","","Fill verified BGG ID"
"1287","Level Up! Das Nerd-Quiz (2026 Edition)","","Fill verified BGG ID"
"235","Liar's UNO","","Fill verified BGG ID"
"344","Liebsch'se, du Geiß? Das Spiel mit der App, die rückwärts spricht!","","Fill verified BGG ID"
"1213","Light Speed: Arena - League56","","Fill verified BGG ID"
"729","Lightning City: Tokyo","","Fill verified BGG ID"
"884","Ligretto® Fußball","","Fill verified BGG ID"
"1000","Little Clans","","Fill verified BGG ID"
"528","Little Dinosaurs","","Fill verified BGG ID"
"296","Little Giants","","Fill verified BGG ID"
"669","Little Observation Bzzz","","Fill verified BGG ID"
"1242","Longue Vie au Roi - Long live the King","","Fill verified BGG ID"
"565","Lost Ruins of Arnak: Upgraded Components","","Fill verified BGG ID"
"208","Lucky 8","","Fill verified BGG ID"
"673","Lucky Cat","","Fill verified BGG ID"
"1113","Lucky Kitty","","Fill verified BGG ID"
"458","Lust Sabbath","","Fill verified BGG ID"
"1219","Luxusyacht","","Fill verified BGG ID"
"350","Länder Toppen","","Fill verified BGG ID"
"1379","Lückenfüller","","Fill verified BGG ID"
"665","MOGEL MOTTE DELUXE","","Fill verified BGG ID"
"1191","Mach es nach!","","Fill verified BGG ID"
"811","Machu Pichu","","Fill verified BGG ID"
"205","Maestro","","Fill verified BGG ID"
"734","Magic Bluff","","Fill verified BGG ID"
"1285","Magische Spiegel","","Fill verified BGG ID"
"1250","Magnet Club","","Fill verified BGG ID"
"190","Mankind Madness","","Fill verified BGG ID"
"173","March of the Ants: Krieg im Unterholz","","Fill verified BGG ID"
"1415","Marilyn Monroe","","Fill verified BGG ID"
"637","Masquerade Trick Party","","Fill verified BGG ID"
"1392","Massenweise Monster","","Fill verified BGG ID"
"1280","Match My Beat","","Fill verified BGG ID"
"1080","Math Masters - Winner Dutch Game of the Year","","Fill verified BGG ID"
"998","Matsch Party","","Fill verified BGG ID"
"561","Matter matters","","Fill verified BGG ID"
"1485","Maya Run","","Fill verified BGG ID"
"801","Meat Your Match","","Fill verified BGG ID"
"668","Mechs vs. Minions: Classic Edition","","Fill verified BGG ID"
"650","Memoett","","Fill verified BGG ID"
"714","Metro Bingo","","Fill verified BGG ID"
"1270","MicroMacro: Kids – Wild Wild Weekend","","Fill verified BGG ID"
"1466","Midgard - Legenden von Damatu: Schicksalskarten","","Fill verified BGG ID"
"1461","Midgard - Legenden von Damatu: Schicksalsmünzen (20er Set, silber)","","Fill verified BGG ID"
"1458","Midgard - Legenden von Damatu: Würfelset 1 (grün) standard","","Fill verified BGG ID"
"602","Midgard – Legenden von Damatu: Grundregelwerk","","Fill verified BGG ID"
"109","Migo (Irrlichter)","","Fill verified BGG ID"
"1178","Millimemory","","Fill verified BGG ID"
"739","Mime Master","","Fill verified BGG ID"
"1337","Misfit Heroes","","Fill verified BGG ID"
"1314","Misfit Heroes: Healers Expansion","","Fill verified BGG ID"
"559","Mission Membran - Zucker in die Blutbahn","","Fill verified BGG ID"
"545","Mission Zelle - Proteine an die richtige Stelle","","Fill verified BGG ID"
"1404","Mistborn","","Fill verified BGG ID"
"448","Modern Art: Artist Collection","","Fill verified BGG ID"
"455","Molly Mampfzahn","","Fill verified BGG ID"
"398","MolΣcools","","Fill verified BGG ID"
"490","Monster Decoy","","Fill verified BGG ID"
"1032","Monster Munch: Midnight Madness","","Fill verified BGG ID"
"467","Monsterkiste","","Fill verified BGG ID"
"936","Monsters Unleashed!","","Fill verified BGG ID"
"1125","Mooki Island","","Fill verified BGG ID"
"529","Moonlight – Im Land der Wölfe","","Fill verified BGG ID"
"476","Morty Sorty Magic Shop","","Fill verified BGG ID"
"514","Moustache: Chameleons","","Fill verified BGG ID"
"1215","Movers & Shakers","","Fill verified BGG ID"
"1262","Murder in Medieval Britain","","Fill verified BGG ID"
"128","Music Nonsense","","Fill verified BGG ID"
"1459","Mutabo Family & Kids","","Fill verified BGG ID"
"720","Mutter Natur","","Fill verified BGG ID"
"313","My Button, A Universe","","Fill verified BGG ID"
"284","My Extreme Skatepark","","Fill verified BGG ID"
"1385","My Murder Mystery: Das letzte Protokoll","","Fill verified BGG ID"
"1386","My Murder Mystery: Ein toter Affe","","Fill verified BGG ID"
"440","My Very First Games – Maya the Bee - Fishing for Flowers","","Fill verified BGG ID"
"471","My Very First Games – Maya the Bee - Flower Meadow","","Fill verified BGG ID"
"465","My Very First Games – Maya the Bee - The Honey Tree","","Fill verified BGG ID"
"327","My very first games - Lennys Tractor","","Fill verified BGG ID"
"717","Mystery Advent Calendar: Santa's Skylift","","Fill verified BGG ID"
"186","Mystery Chain","","Fill verified BGG ID"
"1023","Mystling Academy: Banix vs Cloudar","","Fill verified BGG ID"
"496","Mythwind: Der Hirte","","Fill verified BGG ID"
"468","Mythwind: Die Kräuterkundlerin","","Fill verified BGG ID"
"266","NEON HOPE – Base Game","","Fill verified BGG ID"
"218","NEON HOPE: Deluxe Upgrade Pack","","Fill verified BGG ID"
"108","NEON HOPE: Without A Trace – Standalone Episode","","Fill verified BGG ID"
"722","NEVER EVER - Ich habe noch nie...","","Fill verified BGG ID"
"3","NOAH – Aliens","","Fill verified BGG ID"
"16","NOAH – Core Game","","Fill verified BGG ID"
"22","NOAH – Zombies","","Fill verified BGG ID"
"985","NONSTOP CARDS","","Fill verified BGG ID"
"1049","Nameless Land","","Fill verified BGG ID"
"987","Natera","","Fill verified BGG ID"
"322","Nature Module Amazon Rainforest","","Fill verified BGG ID"
"492","Nature Module Arctic Tundra","","Fill verified BGG ID"
"513","Nature Module Climate","","Fill verified BGG ID"
"321","Nature Module Flight","","Fill verified BGG ID"
"446","Nature Module Jurassic","","Fill verified BGG ID"
"336","Nature Module Natural Disasters","","Fill verified BGG ID"
"392","Nautilus","","Fill verified BGG ID"
"1363","Near - Echoes of Civilization","","Fill verified BGG ID"
"1304","Nobody is perfect - Music Edition","","Fill verified BGG ID"
"997","Noch X-Mal!","","Fill verified BGG ID"
"642","Nochn Wurm bitte!","","Fill verified BGG ID"
"1034","North American Railway","","Fill verified BGG ID"
"1179","Not My Probllama","","Fill verified BGG ID"
"1106","Not So Fast","","Fill verified BGG ID"
"1150","Not This Penguin","","Fill verified BGG ID"
"460","ODYSSEY - BLACK TALES | SIEGE PACK","","Fill verified BGG ID"
"1218","OZ","","Fill verified BGG ID"
"366","Odd Logic","","Fill verified BGG ID"
"165","One Card Dungeon: Höllenpforte","","Fill verified BGG ID"
"958","One Mind","","Fill verified BGG ID"
"1425","One Piece: Das Merkspiel","","Fill verified BGG ID"
"1484","Opera Magna: The Eagle & The Lion","","Fill verified BGG ID"
"253","Orc Up!","","Fill verified BGG ID"
"868","Orkney","","Fill verified BGG ID"
"507","Orloj Playbit","","Fill verified BGG ID"
"1434","Oshi Push: Hidden Links TCG Expansion","","Fill verified BGG ID"
"436","PAW Patrol - Dropple","","Fill verified BGG ID"
"791","PLAY THAT SONG! KIDS HITS Edition","","Fill verified BGG ID"
"781","PLAY THAT SONG! – Deutsche Playlist Edition","","Fill verified BGG ID"
"1243","Paleo - Path of the Elders","","Fill verified BGG ID"
"1241","Paleolino","","Fill verified BGG ID"
"1382","Paleolino","","Fill verified BGG ID"
"1071","Panda Royale Chaos Erweiterung","","Fill verified BGG ID"
"1091","Panda Royale Erweiterung","","Fill verified BGG ID"
"345","Panic Zones: Arctic Edition","","Fill verified BGG ID"
"567","Panika","","Fill verified BGG ID"
"437","Papyria Eduba","","Fill verified BGG ID"
"530","Papyria Neoprene Playmat","","Fill verified BGG ID"
"960","Perfect Murder","","Fill verified BGG ID"
"405","Perfect Planning Promo Card","","Fill verified BGG ID"
"434","Perfect Tour","","Fill verified BGG ID"
"1319","Persona3 TCG Accessories","","Fill verified BGG ID"
"21","Pest 2nd Edition","","Fill verified BGG ID"
"1490","Pet Dective: Night","","Fill verified BGG ID"
"1482","Pet Detective: Day","","Fill verified BGG ID"
"347","Phase 10 Tiles","","Fill verified BGG ID"
"629","Pick a Chicken","","Fill verified BGG ID"
"1354","Pictures: Violet","","Fill verified BGG ID"
"521","Pili Pili “Spicy-Edition”","","Fill verified BGG ID"
"1341","Pillow Fight","","Fill verified BGG ID"
"77","Pirate King","","Fill verified BGG ID"
"953","Play - The Music Party Game","","Fill verified BGG ID"
"212","Play That Song! FILMMUSIK Edition","","Fill verified BGG ID"
"661","Play With SAGA","","Fill verified BGG ID"
"534","PlayHit - 70s & 80s Edition","","Fill verified BGG ID"
"1099","Playte Chip Middle 80","","Fill verified BGG ID"
"1108","Playte rack 6","","Fill verified BGG ID"
"805","Poko Pop!","","Fill verified BGG ID"
"1030","Popopop","","Fill verified BGG ID"
"613","Potemkinsche Dörfer","","Fill verified BGG ID"
"213","Project Skyline","","Fill verified BGG ID"
"764","Projekt G – Das Spiel, in dem ihr ein geheimes Treffen aufdeckt","","Fill verified BGG ID"
"357","Promodeck 2026","","Fill verified BGG ID"
"283","Puzzlemyst Korrigan","","Fill verified BGG ID"
"741","Pyramiez","","Fill verified BGG ID"
"630","Q.●▲★■","","Fill verified BGG ID"
"767","QUICKY - Das Rasante Wortspiel","","Fill verified BGG ID"
"758","Qork","","Fill verified BGG ID"
"233","Quantum","","Fill verified BGG ID"
"418","Quantum Tricks","","Fill verified BGG ID"
"1430","Quietbell","","Fill verified BGG ID"
"704","Qwixx Express","","Fill verified BGG ID"
"1188","RAILWAY PORTERS: NEW DESTINATIONS (expansion)","","Fill verified BGG ID"
"1033","ROAD RAGE","","Fill verified BGG ID"
"1043","ROLLYMPICS","","Fill verified BGG ID"
"423","Ra - 25th Century Games retail edition","","Fill verified BGG ID"
"1226","Raas: A Dance of Love","","Fill verified BGG ID"
"981","Reasons to Resign Booster Back","","Fill verified BGG ID"
"822","Rebel Princess - The Royal Collection","","Fill verified BGG ID"
"1147","Rebirth (International Edition)","","Fill verified BGG ID"
"1136","Rebirth: Aufbruch in eine neue Zeit","","Fill verified BGG ID"
"890","Red Notice","","Fill verified BGG ID"
"579","Regency Cthulhu","","Fill verified BGG ID"
"788","Regulus: The Restless Crypt","","Fill verified BGG ID"
"783","Regulus: The Tournament","","Fill verified BGG ID"
"775","Reign of Hades","","Fill verified BGG ID"
"502","Reise ins Unglück - Krimidinner Spiel für 6-8 Personen ab 12 Jahren","","Fill verified BGG ID"
"47","Reiseträume - Das Memo-Spiel für Senioren:innen","","Fill verified BGG ID"
"375","Rescue Mission Promo Card","","Fill verified BGG ID"
"542","Restart","","Fill verified BGG ID"
"31","Roll Camera! Story Pack #5: Disaster Movie","","Fill verified BGG ID"
"532","Rubik's Rush","","Fill verified BGG ID"
"802","Rules on the reel","","Fill verified BGG ID"
"736","Rumian","","Fill verified BGG ID"
"1474","Russian roulette","","Fill verified BGG ID"
"43","SAM & CO","","Fill verified BGG ID"
"1355","SAN ARTIFACT","","Fill verified BGG ID"
"946","SAY IT FIRST","","Fill verified BGG ID"
"969","SAY IT FIRST - TRIVIA","","Fill verified BGG ID"
"792","SET5 - Around The World","","Fill verified BGG ID"
"544","SETI: Upgraded Components","","Fill verified BGG ID"
"785","SQUARE","","Fill verified BGG ID"
"1209","SUPERA — A Wooden Balancing Strategy Game","","Fill verified BGG ID"
"672","SYNCANITE FOUNDATION: CRIMSON PROTOCOL","","Fill verified BGG ID"
"761","SYNCANITE FOUNDATION: Dignitary Pack Vol. 2","","Fill verified BGG ID"
"1258","Saint Petersburg","","Fill verified BGG ID"
"417","Same Word Challenge","","Fill verified BGG ID"
"1120","Scavengers","","Fill verified BGG ID"
"901","Schneckenpost","","Fill verified BGG ID"
"342","Schätz it Erweiterungsset","","Fill verified BGG ID"
"400","Schätz it Junior Erweiterungsset","","Fill verified BGG ID"
"843","Schätz mal! Das Adventskalender-Duell","","Fill verified BGG ID"
"821","Schätz mal! Das Brettspiel","","Fill verified BGG ID"
"49","Scribble City: Tokyo","","Fill verified BGG ID"
"1145","Scurvy!","","Fill verified BGG ID"
"377","Secret Identity Small","","Fill verified BGG ID"
"500","Secret Museum","","Fill verified BGG ID"
"60","Secret Night Pocket","","Fill verified BGG ID"
"708","Sensu","","Fill verified BGG ID"
"583","Shadowrun: Schattendossier 7","","Fill verified BGG ID"
"590","Shadowrun: Verlustsicherung","","Fill verified BGG ID"
"319","Sherlock Holmes – Der Fall der verlorenen Teile. Ein Holzpuzzle mit Kriminalfall","","Fill verified BGG ID"
"129","Sherlock Squad","","Fill verified BGG ID"
"815","Shiba Goten","","Fill verified BGG ID"
"871","Shiny Bandits","","Fill verified BGG ID"
"713","Shit Happens - The World is on fire","","Fill verified BGG ID"
"254","Six Sights Singapore","","Fill verified BGG ID"
"1204","Sky Garden","","Fill verified BGG ID"
"1201","Sky Garden Bonded Pair Expansion 02","","Fill verified BGG ID"
"1193","Sky Garden Imitation Egg Expansion 01","","Fill verified BGG ID"
"1470","Slingers","","Fill verified BGG ID"
"895","Slothtopia","","Fill verified BGG ID"
"684","Small World","","Fill verified BGG ID"
"256","Smart 10 - Der Herr der Ringe","","Fill verified BGG ID"
"634","Smart 10 Themenfragen 90s","","Fill verified BGG ID"
"640","Smart 10 Zusatzfragen 4.0","","Fill verified BGG ID"
"438","Smart Split","","Fill verified BGG ID"
"1360","Smash Party - Grizzy & the Lemmings","","Fill verified BGG ID"
"426","Smash it!","","Fill verified BGG ID"
"1068","Snails: Feuer im Schneckenhaus Erw.","","Fill verified BGG ID"
"1159","Snake Clash","","Fill verified BGG ID"
"870","Snow Planner New Challenge","","Fill verified BGG ID"
"848","Snow Planner New Season","","Fill verified BGG ID"
"873","Snowp: Christmas Expansion","","Fill verified BGG ID"
"1148","Soundcheck","","Fill verified BGG ID"
"867","Space Craft","","Fill verified BGG ID"
"179","Space Qubes","","Fill verified BGG ID"
"587","Speed-Action","","Fill verified BGG ID"
"1267","Spiel des Wissens Junior","","Fill verified BGG ID"
"813","Splentia","","Fill verified BGG ID"
"1447","Splittermond Schnellstarter – 2026","","Fill verified BGG ID"
"1400","Splittermond: Machtspiele","","Fill verified BGG ID"
"1393","Splittermond: Neues aus Lorakis #3","","Fill verified BGG ID"
"1452","Splittermond: Wintermond","","Fill verified BGG ID"
"715","Splitter²","","Fill verified BGG ID"
"562","Spot Me Gaffer","","Fill verified BGG ID"
"1298","Spy Guy Europa","","Fill verified BGG ID"
"484","Stack 5!","","Fill verified BGG ID"
"316","Stacking Challenge - Animals","","Fill verified BGG ID"
"464","Stacking Challenge - Unicorns","","Fill verified BGG ID"
"554","Stacking Challenge - Vehicles","","Fill verified BGG ID"
"482","Stacking Challenge – Nature","","Fill verified BGG ID"
"454","Stacking Challenge – Nature Jurassic","","Fill verified BGG ID"
"635","Stadt Land Bingo","","Fill verified BGG ID"
"971","Stadt Land Vollpfosten® Countdown","","Fill verified BGG ID"
"1143","Stadt Land Vollpfosten® Spielblock | Farben Edition","","Fill verified BGG ID"
"15","Stadt, Land, Tralala","","Fill verified BGG ID"
"272","Stapel Klötze","","Fill verified BGG ID"
"1394","Star Wars: The Deckbuilding Game - Mandalorian (Faction-Pack)","","Fill verified BGG ID"
"1436","Starport: Die Suche nach dem Drachenei","","Fill verified BGG ID"
"72","Start Skript","","Fill verified BGG ID"
"519","Strange Creatures","","Fill verified BGG ID"
"516","Stuglandet","","Fill verified BGG ID"
"627","Super Snails","","Fill verified BGG ID"
"1399","Survival Island","","Fill verified BGG ID"
"1309","Sweet Lands","","Fill verified BGG ID"
"1247","TERRACES OF KANOA","","Fill verified BGG ID"
"386","TFTC - Thanks For the cache","","Fill verified BGG ID"
"742","THE IRON FRONT – A Syncanite Wargame","","Fill verified BGG ID"
"515","TIME WALKERS","","Fill verified BGG ID"
"363","TOPP Bricks Adventskalender – 24 weihnachtliche Sets aus Mini-Klemmbausteinen","","Fill verified BGG ID"
"384","TOTALLY NORMAL LANGURS","","Fill verified BGG ID"
"817","TRAMPOS","","Fill verified BGG ID"
"1465","TSUKUYUMI – Leadership cards Wave 2 Expansion (Standee, english)","","Fill verified BGG ID"
"84","TURM - Das Duell","","Fill verified BGG ID"
"55","Table Buster - Locker Pack","","Fill verified BGG ID"
"278","Table Buster - Locker Pack Extended","","Fill verified BGG ID"
"281","Table Buster - Starter Pack Sentinels Duo","","Fill verified BGG ID"
"142","Table Buster - Starter Pack Sentinels Trio","","Fill verified BGG ID"
"162","Table Buster - Starter Pack Spin Dock","","Fill verified BGG ID"
"878","Tag Team - Artus' Legacy","","Fill verified BGG ID"
"1233","Taipa Supremacy: Quick Poker","","Fill verified BGG ID"
"286","Tank Clash Eastern Front","","Fill verified BGG ID"
"1294","Tap 4","","Fill verified BGG ID"
"697","Tapple Travel","","Fill verified BGG ID"
"799","Tapple Twist","","Fill verified BGG ID"
"1153","Tatort Meer Junior | Alle Jahre wieder","","Fill verified BGG ID"
"726","Tatort Tiefschnee","","Fill verified BGG ID"
"351","Tempel der Fünf","","Fill verified BGG ID"
"1110","Temple Twist","","Fill verified BGG ID"
"1488","Terminator 2","","Fill verified BGG ID"
"570","The Carousel – Sammlung experimenteller Charaktere","","Fill verified BGG ID"
"931","The Crew - Chase Around the World","","Fill verified BGG ID"
"306","The Dawn of Pangaea - Wild Woods","","Fill verified BGG ID"
"1149","The Final Heir","","Fill verified BGG ID"
"842","The Frozen Passage","","Fill verified BGG ID"
"909","The Game of the Birds","","Fill verified BGG ID"
"121","The Mix - Premium Edition","","Fill verified BGG ID"
"563","The Phantom of the Opera","","Fill verified BGG ID"
"34","The Plank","","Fill verified BGG ID"
"547","The Rainbow Fish - Glitterbingo","","Fill verified BGG ID"
"299","The Secrets of Warden Keene","","Fill verified BGG ID"
"706","The Sims das Brettspiel (DE)","","Fill verified BGG ID"
"983","The Traveling Circus","","Fill verified BGG ID"
"1211","The Travels of Isabella Lucy Bird","","Fill verified BGG ID"
"1177","The Treasure Tree","","Fill verified BGG ID"
"1208","The White Castle: Bōeki","","Fill verified BGG ID"
"1454","The Witcher: Pfad des Schicksals Ronin","","Fill verified BGG ID"
"866","Throne of Lies","","Fill verified BGG ID"
"1042","Thunder Road Vendetta: Willkommen in der Wrackedrale","","Fill verified BGG ID"
"1327","Tiger","","Fill verified BGG ID"
"933","Time to Schein","","Fill verified BGG ID"
"1422","Time's Up! Express","","Fill verified BGG ID"
"834","Tiny Toe Beans: Ultimate Mischief","","Fill verified BGG ID"
"995","Tippi Toppi - Hoch Hinaus!","","Fill verified BGG ID"
"691","Toc Toc Bricks","","Fill verified BGG ID"
"1096","Tofu Shifu: Masters of Spices","","Fill verified BGG ID"
"1115","Too Many Bones – Aus der Tiefe","","Fill verified BGG ID"
"1082","Too Many Bones: Riffle","","Fill verified BGG ID"
"385","Too Much Info","","Fill verified BGG ID"
"809","Top it","","Fill verified BGG ID"
"456","Topp das Törtchen!","","Fill verified BGG ID"
"841","Toshi","","Fill verified BGG ID"
"469","Totem - The Spirits' RPG | Ghost Pack","","Fill verified BGG ID"
"424","Totem - The Spirits' RPG | Tales from the Dark","","Fill verified BGG ID"
"1324","Traitors Aboard! One Piece","","Fill verified BGG ID"
"338","Treasure Hunt","","Fill verified BGG ID"
"323","Trial Period of Love","","Fill verified BGG ID"
"1449","Tricky Teams","","Fill verified BGG ID"
"242","Trismegistus. Das Würfelspiel","","Fill verified BGG ID"
"494","Troy - Black Tales","","Fill verified BGG ID"
"497","Truffle Snuffle","","Fill verified BGG ID"
"698","Tutti Candi","","Fill verified BGG ID"
"403","UNINVITED GUESTS AT A WEDDING","","Fill verified BGG ID"
"399","UNO Championship Series Tournament Set","","Fill verified BGG ID"
"353","UNO Show 'em No Mercy Expansion Pack","","Fill verified BGG ID"
"153","Under our Sun - Content Pack 01","","Fill verified BGG ID"
"1450","Unlock! Risky Adventures (Box 13)","","Fill verified BGG ID"
"1433","Unlock! Short Adventures: Der Aufstieg (Fall 13)","","Fill verified BGG ID"
"1410","Unlock! Short Adventures: The Ocean's Heart (Fall 12)","","Fill verified BGG ID"
"1389","Unmatched – Stars & Stripes","","Fill verified BGG ID"
"1093","VHS: Return of the Living Dead official RPG","","Fill verified BGG ID"
"877","VOLL VERSCHÄTZT Kartenspiel | Classic Edition","","Fill verified BGG ID"
"1007","VOLL VERSCHÄTZT Kartenspiel | Party Edition","","Fill verified BGG ID"
"964","VOLL VERSCHÄTZT | Popkultur Edition","","Fill verified BGG ID"
"70","Valley of Sky Lantern","","Fill verified BGG ID"
"352","Vampirhotel","","Fill verified BGG ID"
"974","Verlegt","","Fill verified BGG ID"
"228","Viking Raiders Lokis Schabernack - Erweiterung","","Fill verified BGG ID"
"903","Viking Route - Jarl Edition","","Fill verified BGG ID"
"912","Villa Panda","","Fill verified BGG ID"
"1302","Vision","","Fill verified BGG ID"
"675","Viva Catrina","","Fill verified BGG ID"
"1173","Voll Verquatscht","","Fill verified BGG ID"
"1297","WASGIJ Pieces of Evidence - The Last Voyage","","Fill verified BGG ID"
"1468","WENDO","","Fill verified BGG ID"
"1457","WHAT'S NEXT?! Europäische Städte","","Fill verified BGG ID"
"1272","WILD TILED WEST","","Fill verified BGG ID"
"411","Wahrsager","","Fill verified BGG ID"
"1377","War Chest: Shock Tactics","","Fill verified BGG ID"
"1437","War for Eterna","","Fill verified BGG ID"
"906","War of the Ring The Card Game - Playmats","","Fill verified BGG ID"
"415","Was passiert, wenn ich dran lecke?","","Fill verified BGG ID"
"1212","Was tue ich?","","Fill verified BGG ID"
"658","Wendepunkte","","Fill verified BGG ID"
"1274","Wer stiehlt mir die Show - Das Spiel","","Fill verified BGG ID"
"524","Wer weiss denn sowas? 3. Edition","","Fill verified BGG ID"
"298","Werewolf: Duel!","","Fill verified BGG ID"
"551","What the fact?! Die Geschichte der Video Games","","Fill verified BGG ID"
"116","Who Weird What","","Fill verified BGG ID"
"654","Who is Luis?","","Fill verified BGG ID"
"1187","Witchbound","","Fill verified BGG ID"
"297","Wizard 30-Jahre Edition","","Fill verified BGG ID"
"598","Wolfmoon","","Fill verified BGG ID"
"354","Wolkenreich – Wer sichert sich die Herrschaft über die Luftschlösser?","","Fill verified BGG ID"
"1029","Wombat Tower","","Fill verified BGG ID"
"686","Wonky Doodles","","Fill verified BGG ID"
"1372","World Order: Miniature Pack","","Fill verified BGG ID"
"1232","World Wonders: Europa","","Fill verified BGG ID"
"639","Wort im Wort","","Fill verified BGG ID"
"258","X-Men Dice Throne: Cyclops, Gambit, Rogue, Jean Grey","","Fill verified BGG ID"
"282","X-Men Dice Throne: Iceman, Psylocke, Storm, Wolverine","","Fill verified BGG ID"
"326","XOXO - Pow Mau","","Fill verified BGG ID"
"552","XOXO – Salaryman Madness","","Fill verified BGG ID"
"531","XOXO – Yokai Yen?!!","","Fill verified BGG ID"
"652","Xoxo","","Fill verified BGG ID"
"755","YaGoBuGi - The Sims","","Fill verified BGG ID"
"58","Yellow Brick Road (Irrlichter)","","Fill verified BGG ID"
"1349","Yotri Dock","","Fill verified BGG ID"
"978","You are the Jury: The Wave of Silence","","Fill verified BGG ID"
"163","Yoyo Tea","","Fill verified BGG ID"
"268","Yubibo","","Fill verified BGG ID"
"134","ZONA: Wunsch oder Wirklichkeit - Erweiterung","","Fill verified BGG ID"
"1192","ZWANZIG ZENTIMETER Tabubruch","","Fill verified BGG ID"
"1162","Zero Keeper","","Fill verified BGG ID"
"1414","Zombie Paella","","Fill verified BGG ID"
"315","black stories #Ausgepostet!","","Fill verified BGG ID"
"343","black stories Bestattet wird immer!","","Fill verified BGG ID"
"337","black stories Burning Hearts","","Fill verified BGG ID"
"334","black stories Dark London","","Fill verified BGG ID"
"341","black stories Stadt-Land-Crime","","Fill verified BGG ID"
"1369","ich lerne - Feeling Doctor","","Fill verified BGG ID"
"1356","ich lerne Moodies - Calmy","","Fill verified BGG ID"
"1376","ich lerne Moodies - Huggy","","Fill verified BGG ID"
"768","noinoi Starter Set Pirate Planet","","Fill verified BGG ID"
"951","noinoi Starter-Set Hey Dino!","","Fill verified BGG ID"
"975","noinoi Starter-Set Nina Yaga","","Fill verified BGG ID"
"504","unglaublich einfach","","Fill verified BGG ID"
